The Shadow: Pulling the Strings,幽影：暗中操纵
The Masque: Cyber General,假面：赛博将领
Wyvern: Chemically Enhanced,翼龙：药剂强化
Boris "Syfr" Kovac: Crafty Veteran,鲍里斯·“暗码”·科瓦奇：诡诈老手
Jamie "Bzzz" Micken: Techno Savant,杰米·“嗡嗡”·麦肯：科技博学者
Strategic Innovations: Future Forward,战略创新：未来向前
Synthetic Systems: The World Re-imagined,合成系统：世界重构
Information Dynamics: All You Need To Know,信息动力：你需知的一切
"Fringe Applications: Tomorrow, Today",边缘应用：明日今天
Noise: Hacker Extraordinaire,噪音：超凡黑客
Déjà Vu,既视感
Demolition Run,拆解式潜袭
Stimhack,狂热式入侵
Cyberfeeder,赛博补给器
Grimoire,黑魔典籍
Corroder,腐蚀者
Datasucker,数据吸食虫
Djinn,巨灵
Medium,培养基
Mimic,变脸者
Parasite,寄生虫
Wyrm,飞龙
Yog.0,犹格.0
Ice Carver,凿墙者
Wyldside,狂界酒吧
Gabriel Santiago: Consummate Professional,加布里埃尔·圣地亚哥：精湛专家
Account Siphon,账户虹吸
Easy Mark,待宰羔羊
Forged Activation Orders,伪造激活指令
Inside Job,内线操作
Special Order,特别订单
Lemuria Codecracker,雷姆利亚破译机
Desperado,亡命徒
Aurora,极光
Femme Fatale,蛇蝎美人
Ninja,忍者
Sneakdoor Beta,测试暗门
Bank Job,银行任职
Crash Space,应急房间
Data Dealer,数据商贩
Decoy,虚假目标
Kate "Mac" McCaffrey: Digital Tinker,凯特·“麦克”·麦卡弗瑞：数字校正师
Diesel,迪燃
Modded,改装
The Maker's Eye,造物者之眼
Tinkering,校正
Akamatsu Mem Chip,赤松内存芯片
Rabbit Hole,兔穴
The Personal Touch,个性化定制
The Toolbox,工具箱
Battering Ram,破门槌
Gordian Blade,戈尔迪之刃
Magnum Opus,巨作
Net Shield,网盾
Pipeline,管线
Aesop's Pawnshop,伊索的典当铺
Sacrificial Construct,自毁结构体
Infiltration,潜入
Sure Gamble,胜券在握
Crypsis,万色草
Access to Globalsec,接入全球保卫组
Armitage Codebusting,阿米蒂奇代码破解
Haas-Bioroid: Engineering the Future,哈斯生化：创建未来
Accelerated Beta Test,加速版本测试
Adonis Campaign,阿多尼斯营销计划
Aggressive Secretary,激进的助理
Archived Memories,归档的记忆
Biotic Labor,生化人劳工
Shipment from MirrorMorph,幻镜所的货物
Heimdall 1.0,海姆达尔1.0
Ichi 1.0,女座头市1.0
Viktor 1.0,维克托1.0
Rototurret,旋转炮塔
Corporate Troubleshooter,团队清道夫
Experiential Data,实验性数据
Jinteki: Personal Evolution,人间会社：自我进化
Nisei MK II,次代II型
Project Junebug,金甲虫计划
Snare!,圈套！
Zaibatsu Loyalty,财阀们的忠诚
Neural EMP,神经电磁脉冲
Precognition,预知
Cell Portal,信元传送门
Chum,诱饵
Data Mine,数据暗雷
Neural Katana,神经枢武士刀
Wall of Thorns,荆棘墙
Akitaro Watanabe,渡边秋太郎
NBN: Making News,网际传媒：制造新闻
AstroScript Pilot Program,神符实验项目
Breaking News,突发新闻
Anonymous Tip,匿名信息
Closed Accounts,查封账户
Psychographics,心理统计分析
SEA Source,空梯管理局信号源
Ghost Branch,幽灵分部
Data Raven,数据乌鸦
Matrix Analyzer,矩阵分析者
Tollbooth,收费站
Red Herrings,红鲱鱼
SanSan City Grid,圣加州城际网阵
Weyland Consortium: Building a Better World,威兰财团：创造美好世界
Hostile Takeover,恶意收购
Posted Bounty,悬赏通告
Security Subcontract,防卫转包合同
Aggressive Negotiation,强制谈判
Beanstalk Royalties,豆茎授权金
Scorched Earth,焦土政策
Shipment from Kaguya,辉夜港的货物
Archer,射手
Hadrian's Wall,哈德良之墙
Ice Wall,冰墙
Shadow,影子
Research Station,研究工作站
Priority Requisition,优先征用
Private Security Force,私人防卫军
Melange Mining Corp.,混合矿业公司
PAD Campaign,掌上营销计划
Hedge Fund,对冲基金
Enigma,谜团
Hunter,狩猎者
Wall of Static,静电墙
Whizzard: Master Gamer,魔术师：游戏大师
Spinal Modem,脊髓调制器
Imp,小恶魔
Morning Star,晨星锤
Cortez Chip,科特斯芯片
Peacock,孔雀
ZU.13 Key Master,ZU.13守钥者
The Helpful AI,辅助型人工智能
Plascrete Carapace,凝塑铠甲
Haas-Bioroid: Stronger Together,哈斯生化：强大的凝聚力
Mandatory Upgrades,强制升级
Janus 1.0,双面神1.0
Ash 2X3ZB9CY,尘埃2X3ZB9CY
Braintrust,智脑团
Snowflake,雪花
Restructured Datapool,重组数据池
TMI,垃圾信息堆
Project Atlas,阿特拉斯计划
Caduceus,蛇杖
Dracō,天龙座
Vamp,吸血
Liberated Account,盗用账户
Satellite Uplink,卫星上行传输
e3 Feedback Implants,e3反馈式植入体
Compromised Employee,妥协的职员
Notoriety,威名显赫
Snowball,雪球
Dyson Mem Chip,戴森内存芯片
Encryption Protocol,加密协议
Sherlock 1.0,夏洛克1.0
Jinteki: Replicating Perfection,人间会社：复制完美
Fetal AI,胎型人工智能
Trick of Light,光影诡计
Sensei,师范
Big Brother,老大哥
ChiLo City Grid,芝路易斯城际网阵
Power Grid Overload,电网过载
Amazon Industrial Zone,亚马逊工业区
Executive Retreat,高级行政会所
Freelancer,自由职业者
Nerve Agent,神经毒剂
Joshua B.,约书亚B.
Emergency Shutdown,紧急关机
Muresh Bodysuit,穆列什紧身衣
Snitch,告密者
Chaos Theory: Wünderkind,混沌希尔瑞：神童
Test Run,测试运行
Dinosaurus,小神龙
Personal Workshop,私人工作间
Public Sympathy,公众慰问
Project Vitruvius,维特鲁威计划
Viper,蝮蛇
Edge of World,世界边缘
Sunset,日落
Marked Accounts,标记账户
Pop-up Window,弹出窗口
Woodcutter,伐木者
Commercialization,商业化
Private Contracts,私人合约
Chimera,奇美拉
Disrupter,扰乱器
Force of Nature,自然之力
Scrubber,清洗者
Doppelgänger,双重幻影
Crescentus,生物胶水
Deus X,神谕
All-nighter,夜猫子
Inside Man,内线
Underworld Contact,秘密接触
Green Level Clearance,绿色许可
Hourglass,沙漏
Dedicated Server,专属服务器
Bullfrog,牛蛙
Uroboros,咬尾蛇
Net Police,网络警察
Weyland Consortium: Because We Built It,威兰财团：因为有我们建造
Government Contracts,政府合约
Tyrant,暴君
Oversight AI,监督型人工智能
False Lead,误导
Surge,增幅
Xanadu,上都
Andromeda: Dispossessed Ristie,安德洛墨达：无产贵族
Networking,社交
HQ Interface,总部接口
Pheromones,信息素
Quality Time,美好时光
Replicator,复制器
Creeper,爬虫
Kraken,海怪
Kati Jones,凯蒂·琼斯
Eve Campaign,伊芙营销计划
Rework,返工
Whirlpool,漩涡
Hokusai Grid,北斋网阵
Data Hound,数据猎犬
Bernice Mai,柏妮丝·麦
Salvage,打捞者
Simone Diego,西蒙·迭戈
Foxfire,狐火
Retrieval Run,检索式潜袭
Darwin,达尔文
Data Leak Reversal,数据逆流器
Faerie,仙灵
Mr. Li,李先生
Indexing,索引化
R&D Interface,研发中心接口
Deep Thought,沉思者
New Angeles City Hall,新洛杉矶市政厅
Eli 1.0,伊莱1.0
Ruhr Valley,鲁尔谷
Ronin,浪人
Midori,绿子
NBN: The World is Yours*,网际传媒：世界是你们的*
Project Beale,比勒计划
Midseason Replacements,季中换剧
Flare,耀斑
Dedicated Response Team,专属反应组
Burke Bugs,伯克虫
Corporate War,公司大战
Cerebral Imaging: Infinite Frontiers,脑映像：无限前沿
Custom Biotics: Engineered for Success,生命定制所：专为成功设定
NEXT Design: Guarding the Net,次级方案：守卫网络
Director Haas' Pet Project,总裁哈斯的宠儿计划
Efficiency Committee,效率委员会
Project Wotan,奥丁计划
Sentinel Defense Program,哨兵防御工程
Alix T4LB07,阿历克斯T4LB07
Cerebral Overwriter,脑部复写器
Director Haas,总裁哈斯
Haas Arcology AI,哈斯生态屋型人工智能
Thomas Haas,托马斯·哈斯
Bioroid Efficiency Research,生化人效率研究
Successful Demonstration,成功演示
Heimdall 2.0,海姆达尔2.0
Howler,嚎叫者
Ichi 2.0,女座头市2.0
Minelayer,布雷者
Viktor 2.0,维克托2.0
Zed 1.0,劫1.0
Awakening Center,觉醒的中枢
Tyr's Hand,提尔之手
Gila Hands Arcology,毒蜥爪生态屋
Levy University,利维大学
Server Diagnostics,服务器诊断学
Bastion,棱堡
Datapike,数据关卡
Rielle "Kit" Peddler: Transhuman,芮尔·“姬特”·佩德拉：超凡入圣
The Professor: Keeper of Knowledge,教授：知识守护者
Exile: Streethawk,流亡者：街头猎鹰
Escher,埃舍尔
Exploratory Romp,探险嬉戏
Freelance Coding Contract,自由人编码合约
Scavenge,拾荒
Levy AR Lab Access,接入利维前景实验室
Monolith,巨岩
Feedback Filter,反馈式过滤器
Clone Chip,克隆芯片
Omni-drive,全能驱动器
Atman,梵灵
Cloak,斗篷
Dagger,匕首
Chakana,印加十字符
Cyber-Cypher,赛博密码集
Paricia,帕瑞西亚
Self-modifying Code,自修正代码
Sahasrara,头顶轮
Inti,印缇
Professional Contacts,专家联系人
Borrowed Satellite,借用卫星
Ice Analyzer,防火墙分析器
Dirty Laundry,肮脏内幕
Daily Casts,每日播报
Same Old Thing,一如既往
The Source,线人
Frame Job,诬陷
Pawn,兵
Rook,车
Hostage,人质
Gorman Drip v1,戈尔曼水滴V1
Lockpick,开锁器
False Echo,虚假回声
Motivation,动机
John Masanori,约翰·正德
Project Ares,阿瑞斯计划
NEXT Bronze,次级青铜
Celebrity Gift,名流的馈赠
Himitsu-Bako,奥秘箱
Character Assassination,人格谋杀
Jackson Howard,杰克逊·霍华德
Invasion of Privacy,侵犯隐私
Geothermal Fracking,地热液压
Swarm,群集
Cyberdex Trial,赛博杀毒剂试用
Grim,犬灵
Bishop,象
Scheherazade,山鲁佐德
Hard at Work,辛勤工作
Recon,侦查
Copycat,拷贝者
Leviathan,利维坦
Eureka!,有了！
Record Reconstructor,记录重现仪
Prepaid VoicePAD,预付费通话平板
Wotan,奥丁
Hellion Alpha Test,恶狼阿尔法测试
Clone Retirement,克隆体退役
Swordsman,剑客
Shipment from SanSan,圣加州的货物
Muckraker,揭发者
The Cleaners,清除者
Elizabeth Mills,伊丽莎白·米尔斯
Off the Grid,隔绝网络
Profiteering,暴利
Restructure,重建
Reina Roja: Freedom Fighter,雷娜·罗娅：自由战士
Deep Red,深红
Knight,马
Running Interference,运行干扰
Expert Schedule Analyzer,专业计划分析者
Grifter,骗徒
Torch,火炬
Woman in the Red Dress,红衣女子
Raymond Flint,雷蒙德·弗林特
Isabel McGuire,伊莎贝尔·麦古尼
Hudson 1.0,哈德森1.0
Accelerated Diagnostics,加速诊断
Unorthodox Predictions,异法占卜
Sundew,茅膏菜
City Surveillance,城际监视系统
Snoop,窥视者
Ireress,国事委局
Power Shutdown,动力中断
Paper Wall,纸墙
Interns,实习生
Keyhole,锁孔
Activist Support,激进者的援助
Lawyer Up,洗脱罪名
Leverage,施压手段
Garrote,绞刑
LLDS Processor,LLDS处理器
Sharpshooter,神枪手
Capstone,拱顶石
Starlight Crusade Funding,星光圣教团基金
Rex Campaign,雷克斯营销计划
Fenris,芬里斯
Panic Button,应急按钮
Shock!,电击！
Tsurugi,神剑
TGTBT,免费的午餐
Sweeps Week,收视黄金周
RSVP,急盼回复
Curtain Wall,幕墙
Punitive Counterstrike,强硬反击
Veterans Program,退伍军人计划
Quest Completed,任务达成
Hemorrhage,出血症
Tallie Perrault,塔莉·贝洛特
Executive Wiretaps,高管窃听器
Blackguard,黑暗卫士
CyberSolutions Mem Chip,赛博方案内存芯片
Alpha,阿尔法
Omega,欧米伽
Blackmail,勒索
Blue Level Clearance,蓝色许可
Strongbox,保险箱
Toshiyuki Sakai,酒井俊之
Yagura,矢仓
Restoring Face,挽回颜面
Market Research,市场研究
Wraparound,环绕筒
GRNDL: Power Unleashed,地新研发所：能源无限
Vulcan Coverup,焚烧掩盖
GRNDL Refinery,地新研发所冶炼厂
Subliminal Messaging,潜意识信号
Singularity,奇点
Queen's Gambit,皇后开局
Dyson Fractal Generator,戴森碎片激生器
Silencer,消音器
Savoir-faire,应变者
Fall Guy,替罪羊
Power Nap,日间小憩
Paintbrush,画笔
Lucky Find,幸运发现
Gyri Labyrinth,脑回迷宫
Reclamation Order,回收指令
Broadcast Square,传媒广场
Corporate Shuffle,公司洗牌
Caprice Nisei,柯瑞丝·次代
Shinobi,忍法
Marker,标记
Hive,蜂巢
Witness Tampering,骚扰证人
NAPD Contract,新洛杉矶警察局合约
Quandary,困惑
Harmony Medtech: Biomedical Pioneer,和谐医学院：生命医学的先锋
Nisei Division: The Next Generation,次代部门：全新一代
Tennin Institute: The Secrets Within,天人学会：内藏玄机
House of Knives,利刃屋
Medical Breakthrough,医学突破
Philotic Entanglement,核心微粒纠缠技术
The Future Perfect,未来完人
Chairman Hiro,宏社长
Mental Health Clinic,心理健康诊所
Psychic Field,精神领域
Shi.Kyū,四.九
Tenma Line,天马生产线
Cerebral Cast,脑层映射
Medical Research Fundraiser,医学研究筹资宴会
Mushin No Shin,无心之心
Inazuma,稻妻
Komainu,狛犬
Pup,幼犬
Shiro,城
Susanoo-no-Mikoto,须佐之男
NeoTokyo Grid,新东京城际网阵
Tori Hanzō,半藏冬莉
Plan B,备用计划
Guard,门卫
Rainbow,彩虹
Diversified Portfolio,多元化投资
Fast Track,快速流程
Iain Stirling: Retired Spook,伊恩·斯特林：退役间谍
Ken "Express" Tenma: Disappeared Clone,肯·“快车”·天马：失踪的克隆体
Silhouette: Stealth Operative,侧影：隐形侦探
Calling in Favors,召集支援
Early Bird,先拔头筹
Express Delivery,特快专递
Feint,佯攻
Legwork,外勤
Planned Assault,预谋突袭
Logos,圣言
Public Terminal,公用终端
Unregistered S&W '35,未登记的.35 S&W手枪
Window,视窗
Alias,化名
Breach,裂口
Bug,虫子
Gingerbread,姜饼
Grappling Hook,爪钩
Passport,通行证
Push Your Luck,豪赌一把
Security Testing,安全测试
Theophilius Bagbiter,西奥菲勒·贝格拜特
Tri-maf Contact,三和党联系人
Mass Install,集群安装
Q-Coherence Chip,量子相干芯片
Overmind,主脑
Oracle May,梅先知
Donut Taganes,多奈特·泰格尼斯
Domestic Sleepers,家政型潜伏特工
NEXT Silver,次级白银
Lotus Field,莲花田
Mutate,变异
Near-Earth Hub: Broadcast Center,近地枢纽：广播中心
Primary Transmission Dish,初级传输天线
Midway Station Grid,中途站网阵
The Root,根基
Taurus,金牛座
Mother Goddess,母神
Galahad,加拉哈德
Bad Times,难关
Cyber Threat,网络威胁
Lamprey,七腮鳗
Paper Tripping,改头换面
Power Tap,电力分接
Nasir Meidan: Cyber Explorer,纳西尔·梅丹：网络探险家
Social Engineering,社会工程
Leprechaun,小矮妖
Eden Shard,伊甸园碎片
The Foundry: Refining the Process,铸造工厂：精炼流程
Enhanced Login Protocol,强化版登录协议
Heinlein Grid,海因莱因网阵
Encrypted Portals,加密门户
Cerebral Static,脑静态化
Targeted Marketing,定向营销
Information Overload,信息超载
Paywall Implementation,启用付费墙
Sealed Vault,密封的金库
Eden Fragment,伊甸园裂片
Lag Time,延迟时间
Will-o'-the-Wisp,鬼火
D4v1d,大5A
Scrubbed,清洗
Three Steps Ahead,三步领先
Unscheduled Maintenance,非计划维护
Cache,贮藏区
Net Celebrity,网络名人
LLDS Energy Regulator,LLDS能量调节器
Ghost Runner,潜袭者幽灵
IQ,智商
Eliza's Toybox,伊莱莎的寻欢所
Kitsune,狐女
Port Anson Grid,安森港网阵
The News Now Hour,整点新闻速递
Manhunt,搜捕
Wendigo,温迪戈
Crisium Grid,危海网阵
Chronos Project,柯罗诺斯计划
Shattered Remains,破碎残骸
Lancelot,兰斯洛特
Quetzal: Free Spirit,绿咬鹃：不羁灵魂
BlacKat,黑猫
Duggar's,道阁酒吧
Box-E,E箱
The Supplier,供应商
Refractor,折射镜
Order of Sol,玄晖社
Hades Shard,冥府碎片
Rachel Beckman,瑞秋·贝克曼
Architect,建筑师
Peak Efficiency,峰值效率
Labyrinthine Servers,服务器迷阵
Ashigaru,足轻
Mamba,曼巴蛇
Reversed Accounts,撤销账户
Universal Connectivity Fee,通用连接费
Blue Sun: Powering the Future,青日公司：助力未来
Changeling,换生灵
Reuse,再利用
Hades Fragment,冥府裂片
Docklands Crackdown,镇压码头区
Inject,注射
Origami,折纸
Fester,脓疮
Autoscripter,自动脚本仪
Switchblade,弹簧刀
Trade-In,折价交易
Astrolabe,星象仪
Angel Arena,天使竞技场
Bifrost Array,彩虹桥阵列
Sagittarius,人马座
Hostile Infrastructure,敌意架构
Gemini,双子座
License Acquisition,获取许可
Daily Business Show,每日商业秀
Superior Cyberwalls,优等赛博墙
Executive Boot Camp,主管训练营
Lycan,狼人
Snatch and Grab,掳掠
Merlin,梅林
Shell Corporation,空壳公司
Ekomind,反射脑
Cerberus "Cuj.0" H3,三头犬“古卓”H3
Leela Patel: Trained Pragmatist,莉拉·帕特尔：受训实用派
Cerberus "Rex" H2,三头犬“雷克斯”H2
Zona Sul Shipping,南区快运
Cybsoft MacroDrive,数位体宏驱动器
Cerberus "Lady" H1,三头犬“淑女”H1
Utopia Shard,乌托邦碎片
Helium-3 Deposit,氦-3仓储
Errand Boy,役童
IT Department,信息技术部
Markus 1.0,马库斯1.0
Industrial Genomics: Growing Solutions,基因产业园：培育对策
Turtlebacks,龟甲
Shoot the Moon,孤月一掷
Troll,巨魔
Virgo,处女座
Utopia Fragment,乌托邦裂片
Excalibur,王者之剑
Self-destruct,自爆装置
Incubator,孵化器
Ixodidae,硬蜱
Code Siphon,代码虹吸
Collective Consciousness,集体意识
Sage,圣贤
Bribery,行贿
Au Revoir,后会有期
Earthrise Hotel,地出酒店
Argus Security: Protection Guaranteed,阿戈斯防卫所：安全无忧
Gagarin Deep Space: Expanding the Horizon,加加林深空：开阔视界
Titan Transnational: Investing In Your Future,泰坦国际：投资你的未来
Firmware Updates,固件更新
Glenn Station,格伦站
Government Takeover,政府接管
High-Risk Investment,高风险投资
Constellation Protocol,星群协议
Mark Yale,马克·耶鲁
Space Camp,太空训练营
The Board,董事会
Asteroid Belt,小行星带
Wormhole,虫洞
Nebula,星云
Orion,猎户座
Builder,建造者
Checkpoint,检查点
Fire Wall,火墙
Searchlight,探照灯
Housekeeping,清空房屋
Patch,补丁
Traffic Accident,交通事故
Satellite Grid,卫星网阵
The Twins,姊妹花
Sub Boost,子进程助推
Dedicated Technician Team,专属技工组
Cyberdex Virus Suite,赛博杀毒剂套装
Edward Kim: Humanity's Hammer,爱德华·金：人性之锤
MaxX: Maximum Punk Rock,麦斯X：极度朋克摇滚
Valencia Estevez: The Angel of Cayambe,瓦伦西娅·埃斯特韦兹：卡扬贝天使
Amped Up,嗑药提神
I've Had Worse,这还不算惨
Itinerant Protesters,流动示威团
Showing Off,卖弄
Wanton Destruction,恣意破环
Day Job,本职工作
Forked,叉穿
Knifed,切开
Spooned,舀起
Eater,食客
Gravedigger,掘墓者
Hivemind,蜂巢智能
Progenitor,元祖
Archives Interface,档案库接口
Chop Bot 3000,劈砍机械虫3000
MemStrips,内存条
Vigil,夜祷者
Human First,人类至上组织
Investigative Journalism,调查性报道
Sacrificial Clone,垫背克隆体
Stim Dealer,兴奋剂商贩
Virus Breeding Ground,病毒繁育地
Uninstall,卸载
Qianju PT,千驹PT
Data Folding,数据折叠
Clot,血块
Paige Piper,佩姬·派珀
Adjusted Chronotype,调正时型
Spike,长钉
Enhanced Vision,强化视觉
Gene Conditioning Shoppe,基因整修专柜
Synthetic Blood,合成血液
Traffic Jam,交通阻塞
Symmetrical Visage,匀称容貌
Brain-Taping Warehouse,脑录仓储
NEXT Gold,次级黄金
Jinteki Biotech: Life Imagined,人间生物科技：享你所想
Genetic Resequencing,基因重测序
Cortex Lock,皮质锁
Valley Grid,生科谷网阵
Bandwidth,带宽
Predictive Algorithm,预测算法
Capital Investors,资本投资人
Negotiator,谈判者
Tech Startup,科技创业
Hacktivist Meeting,激进黑客集会
Off-Campus Apartment,校外公寓
Career Fair,招聘会
Dorm Computer,寝室电脑
Hayley Kaplan: Universal Scholar,海莉·开普兰：宇宙学才
Game Day,比赛日
Comet,彗星
Study Guide,学习指南
London Library,伦敦图书馆
Tyson Observatory,泰森天文台
Beach Party,海滩派对
Research Grant,科研经费
Turing,图灵
Crick,克里克
Recruiting Trip,物色人才
Blacklist,黑名单
Gutenberg,古腾堡
Student Loans,助学贷款
Meru Mati,梅鲁·马蒂
Breaker Bay Grid,碎浪湾网阵
Immolation Script,祭品脚本
Skulljack,颅骨接口
Turntable,转机
Chrome Parlor,铬金改造院
Titanium Ribs,钛金肋骨
Crowbar,撬棍
Net-Ready Eyes,网备视眼
Analog Dreamers,模拟梦想家
Brain Cage,护脑颅盔
Cybernetics Division: Humanity Upgraded,控制论部门：强化人类
Self-Destruct Chips,自爆芯片
Lab Dog,实验室犬
Oaktown Grid,奥克敦网阵
Ryon Knight,赖恩·耐特
Clairvoyant Monitor,慧眼监控器
Lockdown,禁闭
Little Engine,小火车
Oaktown Renovation,革新奥克敦
Corporate Town,公司城
Quicksand,流沙
Faust,浮士德
Street Peddler,街头小贩
Armand "Geist" Walker: Tech Lord,阿曼德·“游魂”·沃克：科技之王
Drive By,驾车扫荡
Forger,伪造者
Shiv,尖刃
Gang Sign,帮派标志
Muertos Gang Member,亡灵帮成员
Chameleon,变色龙
Hyperdriver,超驱动
Test Ground,试验场
Defective Brainchips,残次脑芯片
Allele Repression,等位基因抑制
Marcus Batty,马可斯·巴蒂
Exposé,揭露报道
Pachinko,扒金宫
Underway Renovation,革新暗底区
Contract Killer,职业杀手
Spiderweb,蜘蛛网
Underway Grid,暗底区网阵
Trope,桥段
Spoilers,剧透
Drug Dealer,毒贩
Rolodex,名片夹
Fan Site,粉丝网站
Film Critic,影评家
Paparazzi,狗仔队
Ronald Five,罗纳德·伍
Enforcer 1.0,执法者1.0
It's a Trap!,这是个陷阱！
An Offer You Can't Refuse,难拒之邀
Haarpsichord Studios: Entertainment Unleashed,箭琴影业：娱乐无限
Award Bait,冲奖作品
Explode-a-palooza,爆炸狂欢
Early Premiere,提前首映
Casting Call,试镜选角
Old Hollywood Grid,老莱坞网阵
Hollywood Renovation,革新好莱坞
Back Channels,秘密渠道
Vanity Project,形象工程
Power to the People,还能于民
Surfer,冲浪者
DDoS,DDoS
Laramy Fisk: Savvy Investor,拉瑞米·费斯克：精明投资人
Fisk Investment Seminar,费斯克投资研讨会
Bookmark,书签
DaVinci,达芬奇
Wireless Net Pavilion,无线网络馆
Cybernetics Court,控制论展区
Team Sponsorship,团队赞助
Chronos Protocol: Selective Mind-mapping,柯罗诺斯协议：选择性的心智图
Ancestral Imager,祖先成像
Genetics Pavilion,基因学馆
Franchise City,特许商城
Product Placement,植入式广告
Worlds Plaza,众世广场
Public Support,公众支持
Tour Guide,导游
Expo Grid,世博园网阵
The Future is Now,未来就在眼前
"SYNC: Everything, Everywhere",信网同步：随事随地
New Angeles Sol: Your News,新洛杉矶索尔社：你的新闻
Spark Agency: Worldswide Reach,火花广告：遍及天下
15 Minutes,15分钟
Improved Tracers,改进版追踪者
Rebranding Team,品牌重塑组
Quantum Predictive Model,量子预测模型
Lily Lockwell,莉莉·洛克威尔
News Team,新闻组
Shannon Claire,香侬·克莱尔
Victoria Jenkins,维多利亚·詹金斯
Reality Threedee,现实三维影像
Archangel,大天使
News Hound,新闻猎犬
Resistor,电阻器
Special Offer,特别优惠
TL;DR,太长；不看
Turnpike,收费高速
24/7 News Cycle,24/7新闻循环
Ad Blitz,广告闪电战
Media Blitz,媒体闪电战
The All-Seeing I,全视之掩
Surveillance Sweep,侦查扫描
Keegan Lane,基冈·雷恩
Rutherford Grid,卢瑟福网阵
Global Food Initiative,全球食品新倡议
Launch Campaign,升空营销计划
Assassin,刺客
Apex: Invasive Predator,尖峰：侵袭掠食者
Apocalypse,大灾变
Prey,攫食
Heartbeat,心跳
Endless Hunger,无尽饥欲
Harbinger,先驱
Hunting Grounds,猎场
Wasteland,荒地
Adam: Compulsive Hacker,亚当：强迫性黑客
Independent Thinking,独立思考
Brain Chip,脑芯片
Multithreader,多线程体
Always Be Running,始终运行
Dr. Lovegood,好善博士
Neutralize All Threats,消除威胁
Safety First,安全第一
Sunny Lebeau: Security Specialist,桑妮·勒博：安全专员
Security Chip,安全芯片
Security Nexus,安全联结点
GS Striker M1,GS打击者M1
GS Shrike M2,GS百舌鸟M2
GS Sherman M3,GS谢尔曼M3
Globalsec Security Clearance,全球保卫组安全许可
Jak Sinclair,贾克·辛克莱
Employee Strike,雇员罢工
Windfall,飞来横财
Technical Writer,技术作家
Run Amok,横冲直撞
Ramujan-reliant 550 BMI,拉姆万金550BMI
Street Magic,街头魔术
High-Stakes Job,高风险工作
Mongoose,猫鼬
Jesminder Sareen: Girl Behind the Curtain,杰斯敏德·萨林：幕后女孩
Maya,摩耶
Panchatantra,五卷书
Artist Colony,艺术家庄园
Chatterjee University,查特吉大学
Advanced Concept Hopper,超前概念飞跃车
Vikram 1.0,维克拉姆1.0
Heritage Committee,遗产委员会
Mumbad City Grid,孟巴德城际网阵
Kala Ghoda Real TV,卡拉哥达实景秀
Interrupt 0,中断0
Dedication Ceremony,落成典礼
Mumba Temple,孟巴神庙
Museum of History,历史博物馆
EMP Device,电磁脉冲装置
Diwan,迪旺
CBI Raid,中央调查局突查
Tech Trader,技术商人
NetChip,网络芯片
Corporate Scandal,公司丑闻
Populist Rally,民粹主义集会
Advanced Assembly Lines,高级装配线
Lakshmi Smartfabrics,吉祥天女智能面料
Product Recall,产品召回
Pālanā Foods: Sustainable Growth,帕拉纳食品：可持续成长
Pālanā Agroplex,帕拉纳农业复合体
Harvester,收割者
Remote Data Farm,远程数据储存场
Disposable HQ,即弃总部
New Construction,新建工程
Mumbad Construction Co.,孟巴德建设公司
Corporate Sales Team,公司销售组
PAD Factory,掌上面板工厂
Political Graffiti,政治涂鸦
Nero Severn: Information Broker,尼禄·塞文：信息经纪人
Reflection,映思镜
Spy Camera,间谍相机
Political Operative,助选员
Sadyojata,瞬生
"""Freedom Through Equality""",“平等是自由之路”
Akshara Sareen,阿刹拉·萨林
Councilman,地方议员
Voting Machine Initiative,投票机新倡议
Clone Suffrage Movement,克隆体参政运动
Bio-Ethics Association,生命伦理学协会
Political Dealings,政治交易
"""Clones are not People""",“克隆体不是人类”
Sensie Actors Union,复感影星联合会
Commercial Bankers Group,商业银行家团体
Mumbad City Hall,孟巴德市政厅
Bailiff,执达吏
Surat City Grid,苏拉特城际网阵
Making an Entrance,闪亮登场
Salsette Slums,撒尔塞特贫民窟
Exclusive Party,高档宴会
Vamadeva,喜天
Brahman,梵天
Patron,庇护人
Sports Hopper,竞速飞跃车
Bazaar,巴扎
Personality Profiles,人格剖析
Jeeves Model Bioroids,吉夫斯型生化人
Raman Rai,拉曼·雷
Upayoga,行部
Aryabhata Tech,阿耶波多科技
Salem's Hospitality,塞勒姆的款待
Executive Search Firm,猎头公司
Indian Union Stock Exchange,印度联盟证券交易所
Cobra,眼镜蛇
Localized Product Line,本地化生产线
Mumbad Virtual Tour,孟巴德虚拟之旅
The Noble Path,圣道
Emptied Mind,空无心智
Information Sifting,信息筛选
Out of the Ashes,烬中再起
Liberated Chela,自由信徒
Temple of the Liberated Mind,自由心智之殿
Rebirth,重生
Guru Davinder,古鲁达温德
The Turning Wheel,转轮
Brainstorm,头脑风暴
Ravana 1.0,罗波那1.0
Dedicated Neural Net,专属神经网络
Chetana,思
Puppet Master,傀儡主人
Waiver,弃权声明
Exchange of Information,交换信息
Red Tape,繁文缛节
Consulting Visit,上门商议
Vanilla,香草
Fear the Masses,群众可畏
Aghora,无惧
Bhagat,巴格特
The Black File,黑文件
The Price of Freedom,自由的代价
Ankusa,金刚钩
Rigged Results,操纵结果
Magnet,磁铁
Lateral Growth,横向发展
Improved Protein Source,改进版蛋白源
Voter Intimidation,恐吓选民
Harishchandra Ent.: Where You're the Star,哈里什昌德拉娱乐：你就是明星
Full Immersion RecStudio,全浸影音工作室
Ibrahim Salem,易卜拉欣·塞勒姆
Navi Mumbai City Grid,新孟买城际网阵
Zealous Judge,狂热的审判员
Election Day,选举日
Subcontract,转包合同
Merger,兼并
System Outage,系统停运
Null: Whistleblower,空值：吹哨者
GPI Net Tap,GPI网络分接器
Hernando Cortez,赫尔南多·科特斯
Mirror,镜子
Dai V,戴·V
"Another Day, Another Paycheck",新的一天，新的报酬
Deuces Wild,百搭二王
Injection Attack,注入式攻击
Fairchild 1.0,仙童1.0
Sherlock 2.0,夏洛克2.0
Hyoubu Research Facility,兵部研究设施
Chrysalis,蝶蛹
Georgia Emelyov,乔治娅·叶梅廖夫
Watchdog,看门狗
Hard-Hitting News,重磅新闻
NBN: Controlling the Message,网际传媒：掌控讯息
Crisis Management,危机管理
Stock Buy-Back,股票回购
Sandburg,桑德堡
Credit Crash,信用崩盘
Rumor Mill,谣言工厂
Nfr,奈菲尔
Paperclip,回形针
Golden,金雕
Temüjin Contract,铁木真合约
Khan: Savvy Skiptracer,可汗：聪颖追猎人
Data Breach,数据外泄
Algo Trading,算法交易
Beth Kilrain-Chang,贝丝·吉兰-张
Fairchild 2.0,仙童2.0
Aiki,合气
Enforcing Loyalty,厉行忠诚
Hatchet Job,恶语中伤
Special Report,特别报道
C.I. Fund,资本投资基金
Liquidation,清算
Weyland Consortium: Builder of Nations,威兰财团：国家的建造者
Financial Collapse,金融崩溃
Prisec,私卫
Obelus,除号
Black Orchestra,黑色乐团
Omar Keung: Conspiracy Theorist,奥马尔·姜：阴谋论者
Peregrine,游隼
Houdini,胡迪尼
Net Mercur,默库尔网台
Find the Truth,找出真相
First Responders,先遣急救员
Fairchild 3.0,仙童3.0
Ark Lockdown,封锁方舟
Hellion Beta Test,恶狼贝塔测试
Project Kusanagi,草薙计划
DNA Tracker,DNA追迹者
Jinteki: Potential Unleashed,人间会社：潜力无限
Alexa Belsky,艾里珊·别尔斯基
Observe and Destroy,观察并摧毁
Service Outage,服务停运
BOOM!,轰！
Door to Door,挨门逐户
Scarcity of Resources,资源短缺
En Passant,吃过路兵
Frantic Coding,狂乱编码
The Gauntlet,鹰猎手套
Saker,猎隼
Blockade Runner,禁区偷运者
Ele "Smoke" Scovak: Cynosure of the Net,艾丽·“浓烟”·斯科娃：网界明星
Top Hat,礼帽
Blackstone,布莱克斯通
Government Investigations,政府调查
Citadel Sanctuary,避难圣所
Wetwork Refit,湿活改装
Haas-Bioroid: Architects of Tomorrow,哈斯生化：未来的设计师
Fumiko Yamamori,山森文子
Hasty Relocation,仓促转移
Data Ward,数据看守
Drone Screen,无人机画面
Chief Slee,斯丽队长
Bulwark,壁垒
Best Defense,最佳防御
Preemptive Action,抢先行动
MKUltra,MKUltra
On the Lam,潜逃
Cold Read,冷读
Equivocation,模糊措辞
Misdirection,错引
Reaver,掠夺者
Interdiction,火力拦阻
Baba Yaga,雅加婆婆
Fairchild,仙童
Friends in High Places,高处的朋友
Manta Grid,曼塔网阵
Mind Game,心智游戏
Nihongai Grid,日本街网阵
IP Block,IP拦截
Thoth,托特
Anson Rose,安森·罗斯
Mausolus,摩索拉斯
Sapper,工兵
Show of Force,炫耀武力
Enforced Curfew,厉行宵禁
Şifr,零位
Sūnya,舜若
Recon Drone,侦察无人机
Tapwrm,绦虫
Tracker,追迹者
Aaron Marrón,亚伦·马伦
Encore,返场加演
Fawkes,福克斯
Peace in Our Time,现世和平
Sensor Net Activation,传感网激活
Violet Level Clearance,紫色许可
Chiyashi,阿依努寨
Psychokinesis,念力
Net Quarantine,网络隔离
Herald,使者
Veritas,真理
Bryan Stinson,布莱恩·斯廷森
NASX,新洛杉矶证交所
Macrophage,巨噬细胞
Tribunal,法庭
Pushing the Envelope,挑战极限
Maw,巨口
The Archivist,档案员
Exploit,利用
Spot the Prey,发现猎物
Bio-Modeled Network,生物建模网络
Network Exchange,网络交换
Mad Dash,疯狂冲刺
NEXT Wave 2,次级续作
Zed 2.0,劫2.0
Defense Construct,防御结构体
Synth DNA Modification,合成DNA修饰
Kakugo,劫2.0
Net Analytics,网络分析
SYNC BRE,信网同步BRE
Jemison Astronautics: Sacrifice. Audacity. Success.,杰米森航天：舍己 无畏 求胜
Quarantine System,隔离系统
Oberth Protocol,奥伯特协议
Khondi Plaza,孔迪广场
Signal Jamming,信号干扰
Severnius Stim Implant,赛维纽斯刺激植入体
Clan Vengeance,部落复仇
Counter Surveillance,反向监视
Möbius,莫比乌斯
Los: Data Hijacker,洛斯：数据劫匪
System Seizure,系统遇袭
Customized Secretary,定制的助理
Build Script,构建脚本
Seidr Adaptive Barrier,西德尔适应型屏障
Nerine 2.0,尼润2.0
Load Testing,负载测试
Bloom,花开
Replanting,改植
CPC Generator,CPC生成器
Free Lunch,白吃的午餐
MCA Informant,火殖地当局线人
Clyde Van Rite,克莱德·凡·里特
Watchtower,岗楼
Sacrifice,舍己
Self-Adapting Code Wall,自适应代码墙
Berserker,狂战士
Persephone,珀耳塞福涅
Rubicon Switch,卢比孔交换机
Aeneas Informant,埃涅阿斯线人
Rosetta 2.0,罗塞塔2.0
Adjusted Matrix,调整矩阵
Dedicated Processor,专属处理器
Inversificator,反写诗器
Dadiana Chacon,达迪亚娜·查康
NEXT Opal,次级欧泊
Bioroid Work Crew,生化人工作队
AgInfusion: New Miracles for a New World,灌注农业：新世界的新奇迹
Bamboo Dome,竹园穹顶
Ben Musashi,武藏弁
Authenticator,认证者
Henry Phillips,亨利·菲利普斯
Battlement,城垛
Audacity,无畏
Red Planet Couriers,红色星球专递
Owl,猫头鹰
Alice Merchant: Clan Agitator,爱丽丝·默切特：部落煽动者
Jarogniew Mercs,雅罗涅夫佣兵
Māui,毛伊
Bug Out Bag,求生背包
Keros Mcintyre,克罗斯·麦金泰尔
Daredevil,冒失鬼
Mass-Driver,质量投射器
Warroid Tracker,生化战士追迹者
Loki,洛基
Obokata Protocol,小保方协议
Mirāju,蜃楼
Shipment from Tennin,天人院的货物
Escalate Vitriol,炮轰加剧
Reeducation,再教育
Traffic Analyzer,流量分析
Meteor Mining,陨石开采
Standoff,对峙
Success,求胜
Whampoa Reclamation,黄埔复垦
Mass Commercialization,大规模商业化
Mars for Martians,火星属于火星人
God of War,战神
Leave No Trace,不留痕迹
Rip Deal,掉包交易
Flashbang,闪光弹
Lean and Mean,至精至简
Maven,名家
Na'Not'K,纳补科
Bloo Moose,鹿慕酒吧
O₂ Shortage,氧气匮乏
Helheim Servers,赫尔海姆服务器
Mandatory Seed Replacement,强制换种
Water Monopoly,水权垄断
Metamorph,变质
Data Loop,数据循环
Biased Reporting,偏见报道
Open Forum,开放论坛
Tithonium,提托努利林
Transparency Initiative,透明化新倡议
Rover Algorithm,漫游者算法
Mining Accident,采矿事故
Respirocytes,人造红血球
Salvaged Vanadis Armory,凡娜迪丝武器厂残迹
Aumakua,奥玛库阿
Caldera,火山臼
Diana's Hunt,狄安娜之猎
Reshape,重塑
Dummy Box,马甲箱
Corporate Defector,公司逃兵
CFC Excavation Contract,氯氟烃采掘合约
MCA Austerity Policy,火殖地当局紧缩政策
Restore,恢复
Breached Dome,破裂穹顶
Sand Storm,沙暴
AR-Enhanced Security,AR强化防卫
Rolling Brownout,轮番限电
Threat Level Alpha,阿尔法级威胁
Priority Construction,优先建设
Fractal Threat Matrix,分形威胁矩阵
Conundrum,难题
Steve Cambridge: Master Grifter,史蒂夫·坎布里奇：骗术大师
Brute-Force-Hack,蛮力入侵
Spear Phishing,鱼叉式网钓
SYN Attack,SYN攻击
Polyhistor,博学者
Abagnale,阿巴内尔
Lustig,卢斯蒂格
Demara,迪马拉
Mammon,玛门
Charlatan,假行家
Maxwell James,麦克斯韦·詹姆斯
Ayla "Bios" Rahim: Simulant Specialist,艾拉·“生命”·拉辛：拟态专家
Careful Planning,精心筹划
Deep Data Mining,深度数据挖掘
LLDS Memory Diamond,LLDS记忆钻石
Ubax,乌芭
Adept,大匠
Savant,智者
Egret,白鹭
Dhegdheer,长耳怪
Levy Advanced Research Lab,利维前景实验室
Laguna Velasco District,韦拉斯科湖区
Process Automation,流程自动化
Officer Frank,弗兰克警官
Dean Lister,迪安·里斯特
Biometric Spoofing,冒用生物特征
The Shadow Net,暗网
Seidr Laboratories: Destiny Defined,西德尔实验室：定义命运
Brain Rewiring,脑部重塑
Elective Upgrade,可选升级
Successful Field Test,成功实测
Estelle Moon,艾斯黛拉·文
Marilyn Campaign,玛丽莲营销计划
Eli 2.0,伊莱2.0
Executive Functioning,执行功能
Holmegaard,霍尔美加德
Tapestry,织锦
Ultraviolet Clearance,紫外许可
Black Level Clearance,黑色许可
Mason Bellamy,梅森·贝拉米
Skorpios Defense Systems: Persuasive Power,蝎岛防御体系：说服力
Armored Servers,装甲服务器
Illicit Sales,非法销售
Graft,受贿
Illegal Arms Factory,非法武器厂
Mr. Stone,斯通先生
Bloodletter,放血者
Colossus,巨像
Hailstorm,雹暴
Hortum,悬苑
Hunter Seeker,猎杀
K. P. Lynn,K·P·林恩
Paper Trail,文件线索
Honeyfarm,蜜场
Long-Term Investment,长期投资
Weir,围堰
IPO,首次公开募股
Evidence Collection,
Evidence Collection 2,
Evidence Collection 3,
Evidence Collection 4,
Investigator Inez Delgado A,
Investigator Inez Delgado A 2,
Lt. Todachine,
Lt. Todachine 2,
Trojan,
Security Leak,
Machicolation A,
Machicolation B,
Corporate Oversight A,
Corporate Oversight B,
Investigator Inez Delgado,
Investigator Inez Delgado 2,
Investigator Inez Delgado 3,
Investigator Inez Delgado 4,
Surveillance Network Key,
Surveillance Network Key 2,
BMI Buffer,
BMI Buffer 2,
Shadow Team,
Net Watchlist,
The Masque A,
The Masque B,
Sneakdoor Prime A,
Sneakdoor Prime B,
Reina Roja: Freedom Fighter,雷娜·罗娅：自由战士
Demolition Run,拆解式潜袭
Retrieval Run,检索式潜袭
Singularity,奇点
Stimhack,狂热式入侵
Cyberfeeder,赛博补给器
Spinal Modem,脊髓调制器
Darwin,达尔文
Datasucker,数据吸食虫
Force of Nature,自然之力
Imp,小恶魔
Hemorrhage,出血症
Mimic,变脸者
Morning Star,晨星锤
Ice Carver,凿墙者
Liberated Account,盗用账户
Scrubber,清洗者
Xanadu,上都
Gabriel Santiago: Consummate Professional,加布里埃尔·圣地亚哥：精湛专家
Easy Mark,待宰羔羊
Emergency Shutdown,紧急关机
Forged Activation Orders,伪造激活指令
Inside Job,内线操作
Special Order,特别订单
Doppelgänger,双重幻影
HQ Interface,总部接口
Aurora,极光
Faerie,仙灵
Femme Fatale,蛇蝎美人
Peacock,孔雀
Pheromones,信息素
Sneakdoor Beta,测试暗门
Bank Job,银行任职
Crash Space,应急房间
Fall Guy,替罪羊
Mr. Li,李先生
Chaos Theory: Wünderkind,混沌希尔瑞：神童
Diesel,迪燃
Indexing,索引化
Modded,改装
Notoriety,威名显赫
Test Run,测试运行
The Maker's Eye,造物者之眼
Tinkering,校正
Dinosaurus,小神龙
Rabbit Hole,兔穴
The Personal Touch,个性化定制
Battering Ram,破门槌
Gordian Blade,戈尔迪之刃
Magnum Opus,巨作
Pipeline,管线
Aesop's Pawnshop,伊索的典当铺
All-nighter,夜猫子
Sacrificial Construct,自毁结构体
Infiltration,潜入
Sure Gamble,胜券在握
Dyson Mem Chip,戴森内存芯片
Crypsis,万色草
Armitage Codebusting,阿米蒂奇代码破解
Underworld Contact,秘密接触
Haas-Bioroid: Stronger Together,哈斯生化：强大的凝聚力
Project Ares,阿瑞斯计划
Project Vitruvius,维特鲁威计划
Adonis Campaign,阿多尼斯营销计划
Aggressive Secretary,激进的助理
Heimdall 1.0,海姆达尔1.0
Hudson 1.0,哈德森1.0
Ichi 1.0,女座头市1.0
Rototurret,旋转炮塔
Viktor 1.0,维克托1.0
Archived Memories,归档的记忆
Biotic Labor,生化人劳工
Green Level Clearance,绿色许可
Shipment from MirrorMorph,幻镜所的货物
Ash 2X3ZB9CY,尘埃2X3ZB9CY
Strongbox,保险箱
Weyland Consortium: Building a Better World,威兰财团：创造美好世界
Hostile Takeover,恶意收购
Project Atlas,阿特拉斯计划
The Cleaners,清除者
Dedicated Response Team,专属反应组
Elizabeth Mills,伊丽莎白·米尔斯
GRNDL Refinery,地新研发所冶炼厂
Archer,射手
Caduceus,蛇杖
Hadrian's Wall,哈德良之墙
Hive,蜂巢
Ice Wall,冰墙
Shadow,影子
Beanstalk Royalties,豆茎授权金
Punitive Counterstrike,强硬反击
Shipment from Kaguya,辉夜港的货物
Jinteki: Personal Evolution,人间会社：自我进化
Braintrust,智脑团
Nisei MK II,次代II型
Project Junebug,金甲虫计划
Ronin,浪人
Snare!,圈套！
Himitsu-Bako,奥秘箱
Neural Katana,神经枢武士刀
Swordsman,剑客
Wall of Thorns,荆棘墙
Whirlpool,漩涡
Yagura,矢仓
Celebrity Gift,名流的馈赠
Neural EMP,神经电磁脉冲
Trick of Light,光影诡计
Hokusai Grid,北斋网阵
NBN: Making News,网际传媒：制造新闻
Project Beale,比勒计划
TGTBT,免费的午餐
Ghost Branch,幽灵分部
Data Raven,数据乌鸦
Flare,耀斑
Pop-up Window,弹出窗口
Tollbooth,收费站
Wraparound,环绕筒
Anonymous Tip,匿名信息
Closed Accounts,查封账户
Psychographics,心理统计分析
SEA Source,空梯管理局信号源
Red Herrings,红鲱鱼
Bernice Mai,柏妮丝·麦
False Lead,误导
Priority Requisition,优先征用
Private Security Force,私人防卫军
Melange Mining Corp.,混合矿业公司
PAD Campaign,掌上营销计划
Enigma,谜团
Hunter,狩猎者
Wall of Static,静电墙
Hedge Fund,对冲基金
By Any Means,千方百计
Yusuf,尤素福
Zamba,赞巴
Puffer,河豚
Lewi Guilherme,莱维·吉列尔梅
Cyberdelia,赛博幻丽
Upya,新意
Assimilator,同化者
Asa Group: Security Through Vigilance,亚撒集团：安全戒备
Ikawah Project,易卡瓦计划
Najja 1.0,纳贾1.0
Gene Splicer,基因剪接者
Mganga,巫医
Genotyping,基因分型
Echo Chamber,回音室
Self-Growth Program,自我成长项目
Calibration Testing,校准测试
Urban Renewal,都市更新
Wake Up Call,叫醒服务
Reconstruction Contract,重建合约
Acacia,金合欢
Plague,瘟疫
Credit Kiting,信用诈欺
Wari,瓦里
Kabonesa Wu: Netspace Thrillseeker,卡波尼萨·吴：网域觅险者
Takobi,塔科匕
Kongamato,康加玛托
Emergent Creativity,突现式创造
RNG Key,RNG密钥
Nightdancer,夜舞者
Jinja City Grid,金贾城际网阵
Aimor,埃漠
Bacterial Programming,细菌编程
Jua,烈日
Threat Assessment,威胁评估
Economic Warfare,经济战
Forced Connection,强制连接
SSL Endorsement,撒南盟的认可
NGO Front,非政府组织阵线
Distract the Masses,迷惑群众
eXer,划叉者
Friday Chip,周五芯片
Crypt,地窖
Corporate "Grant",公司“拨款”
No One Home,家中无人
Marathon,马拉松
Gbahali,巴哈利
White Hat,白帽
Kuwinda K4H1U3,库温达K4H1U3
NEXT Sapphire,次级蓝宝石
Anansi,阿南西
Code Replicator,代码复制器
Reverse Infection,反向感染
Azmari EdTech: Shaping the Future,阿兹玛里教育科技：塑造未来
Degree Mill,学位工厂
Personalized Portal,个性化门户
Armed Intimidation,持械恐吓
Death and Taxes,死亡与纳税
Trojan Horse,特洛伊木马
TechnoCo,科企
Glut Cipher,爆库暗码
Knobkierie,圆头棒
419: Amoral Scammer,419：非道德骗徒
Falsified Credentials,窜改凭证
Rogue Trading,流氓交易
Because I Can,只因我能
Nyashia,尼亚夏
Consume,消尽
Malia Z0L0K4,马里雅Z0L0K4
Kill Switch,杀戮开关
Tempus,光阴
Bio Vault,生命密库
Sadaka,施济
Endless EULA,无尽EULA
Sandman,沙人
Amani Senai,阿曼尼·塞奈
SSO Industries: Fueling Innovation,撒南实业：助推创新
City Works Project,城市工厂计划
Oduduwa,奥杜杜瓦
Rashida Jaheem,拉什达·哲希姆
Freedom Khumalo: Crypto-Anarchist,自由库马洛：加密无政府主义者
Trypano,锥虫
Contaminate,污染
Embezzle,侵吞
Slipstream,滑流
Laamb,拉姆布
Gebrselassie,格布雷西拉西耶
Compile,编译
Logic Bomb,逻辑炸弹
Jackpot!,头彩！
Remote Enforcement,远程执法
Kamali 1.0,卡玛利1.0
Warden Fatuma,监察员法图玛
Viral Weaponization,病毒武器化
Envelope,封套
Mwanza City Grid,姆万扎城际网阵
Standard Procedure,标准程序
Intake,摄入
Masvingo,马斯温戈
Overseer Matrix,监督矩阵
Zer0,0点
Musaazi,穆萨齐
Hippo,河马
Amina,阿米娜
Diversion of Funds,挪用资金
PAD Tap,面板分接
Reclaim,回收
Engolo,恩戈洛
Flame-out,尽火
Black Hat,黑帽
Kasi String,卡西字符串
NEXT Diamond,次级钻石
Riot Suppression,镇压暴乱
Mti Mwekundu: Life Improved,红树制药：改善生活
Mlinzi,护卫
Better Citizen Program,更好市民计划
Market Forces,市场力量
Surveyor,鉴定者
High-Profile Target,显要目标
False Flag,伪旗行动
Nathaniel "Gnat" Hall: One-of-a-Kind,纳撒尼尔·“小虫”·霍尔：独一无二
Divide and Conquer,分而治之
Guinea Pig,实验对象
Patchwork,补丁
Hijacked Router,被劫持的路由器
Cradle,摆球
District 99,99区
Liza Talking Thunder: Prominent Legislator,丽莎·雷鸣：知名立法者
Hot Pursuit,热力追缉
Paragon,典范
Bankroll,资金
Tycoon,大亨
Thunder Art Gallery,雷鸣画廊
Miss Bones,白骨小姐
Akiko Nisei: Head Case,亚纪子·次代：首起谜案
Insight,洞察
Mind's Eye,心灵之眼
Mâché,制型
Ika,乌贼
Kyuban,吸盘
Psych Mike,神通迈克
Algernon,阿尔吉侬
Reboot,重启
Office Supplies,办公用品
DJ Fenris,DJ芬里斯
Sportsmetal: Go Big or Go Home,金技体育：全力以赴
Hyperloop Extension,超回路延线
Meridian,子午线
Gatekeeper,门岗
Divert Power,能量转向
Fast Break,快速突破
Game Changer,改变赛局
Giordano Memorial Field,乔尔达纪念赛场
Saraswati Mnemonics: Endless Exploration,辩天助忆：无尽探索
Jumon,咒文
API-S Keeper Isobel,API-S保管员伊莎贝尔
Neurostasis,神经停滞
Otoroshi,惊怪
Thimblerig,隐豆戏法
Hangeki,反击
Daruma,达摩
Acme Consulting: The Truth You Need,极致咨询：你所需的真相
Fly on the Wall,墙上的苍蝇
SIU,特调组
Peeping Tom,偷窥者汤姆
Hydra,多头蛇
Eavesdrop,窃听
Attitude Adjustment,动态调整
Arella Salvatore,阿蕾拉·萨尔瓦托雷
The Outfit: Family Owned and Operated,芝路组织：家族生意
Broad Daylight,光天之下
Drudge Work,苦工
Blockchain,区块链
Formicary,蚁冢
Building Blocks,构建模块
Too Big to Fail,大而不倒
Under the Bus,推入车底
Lady Liberty,自由女神
Labor Rights,劳工权益
Embolus,栓塞
Crowdfunding,众筹
Timely Public Release,适时公布
Slot Machine,老虎机
Border Control,边境管控
Watch the World Burn,望世将焚
Hired Help,受雇帮手
Cyber Bureau: Keeping the Peace,赛博处：维持和平
Reina Roja: Freedom Fighter,雷娜·罗娅：自由战士
Quetzal: Free Spirit,绿咬鹃：不羁灵魂
Queen's Gambit,皇后开局
Quest Completed,任务达成
Retrieval Run,检索式潜袭
Run Amok,横冲直撞
Stimhack,狂热式入侵
Cyberfeeder,赛博补给器
Patchwork,补丁
Corroder,腐蚀者
Datasucker,数据吸食虫
Force of Nature,自然之力
Imp,小恶魔
Lamprey,七腮鳗
Mimic,变脸者
Ice Carver,凿墙者
Liberated Account,盗用账户
Scrubber,清洗者
Xanadu,上都
Gabriel Santiago: Consummate Professional,加布里埃尔·圣地亚哥：精湛专家
Leela Patel: Trained Pragmatist,莉拉·帕特尔：受训实用派
Career Fair,招聘会
Easy Mark,待宰羔羊
Emergency Shutdown,紧急关机
Hostage,人质
Inside Job,内线操作
Legwork,外勤
Networking,社交
Spear Phishing,鱼叉式网钓
Special Order,特别订单
HQ Interface,总部接口
Paragon,典范
Abagnale,阿巴内尔
Demara,迪马拉
Faerie,仙灵
Femme Fatale,蛇蝎美人
Sneakdoor Beta,测试暗门
Bank Job,银行任职
Data Dealer,数据商贩
Chaos Theory: Wünderkind,混沌希尔瑞：神童
Rielle "Kit" Peddler: Transhuman,芮尔·“姬特”·佩德拉：超凡入圣
Diesel,迪燃
Modded,改装
Notoriety,威名显赫
Test Run,测试运行
The Maker's Eye,造物者之眼
Tinkering,校正
Akamatsu Mem Chip,赤松内存芯片
Dinosaurus,小神龙
R&D Interface,研发中心接口
Atman,梵灵
Battering Ram,破门槌
Deus X,神谕
Gordian Blade,戈尔迪之刃
Pipeline,管线
Aesop's Pawnshop,伊索的典当铺
Ice Analyzer,防火墙分析器
Professional Contacts,专家联系人
Sure Gamble,胜券在握
Dirty Laundry,肮脏内幕
Crypsis,万色草
Armitage Codebusting,阿米蒂奇代码破解
Earthrise Hotel,地出酒店
John Masanori,约翰·正德
Kati Jones,凯蒂·琼斯
Haas-Bioroid: Stronger Together,哈斯生化：强大的凝聚力
Seidr Laboratories: Destiny Defined,西德尔实验室：定义命运
Project Vitruvius,维特鲁威计划
Successful Field Test,成功实测
Adonis Campaign,阿多尼斯营销计划
Aggressive Secretary,激进的助理
Marilyn Campaign,玛丽莲营销计划
Eli 1.0,伊莱1.0
Heimdall 1.0,海姆达尔1.0
Ichi 1.0,女座头市1.0
Rototurret,旋转炮塔
Turing,图灵
Viktor 1.0,维克托1.0
Archived Memories,归档的记忆
Biotic Labor,生化人劳工
Blue Level Clearance,蓝色许可
Ash 2X3ZB9CY,尘埃2X3ZB9CY
Mason Bellamy,梅森·贝拉米
Jinteki: Personal Evolution,人间会社：自我进化
Jinteki: Replicating Perfection,人间会社：复制完美
Fetal AI,胎型人工智能
Nisei MK II,次代II型
Philotic Entanglement,核心微粒纠缠技术
Project Junebug,金甲虫计划
Ronin,浪人
Snare!,圈套！
Sundew,茅膏菜
Himitsu-Bako,奥秘箱
Lotus Field,莲花田
Neural Katana,神经枢武士刀
Swordsman,剑客
Tsurugi,神剑
Wall of Thorns,荆棘墙
Yagura,矢仓
Celebrity Gift,名流的馈赠
Neural EMP,神经电磁脉冲
Trick of Light,光影诡计
Hokusai Grid,北斋网阵
NBN: Making News,网际传媒：制造新闻
Spark Agency: Worldswide Reach,火花广告：遍及天下
Explode-a-palooza,爆炸狂欢
Project Beale,比勒计划
Daily Business Show,每日商业秀
Ghost Branch,幽灵分部
Marked Accounts,标记账户
Reversed Accounts,撤销账户
Data Raven,数据乌鸦
Flare,耀斑
Pop-up Window,弹出窗口
Tollbooth,收费站
Wraparound,环绕筒
Closed Accounts,查封账户
Psychographics,心理统计分析
SEA Source,空梯管理局信号源
Product Placement,植入式广告
Red Herrings,红鲱鱼
Weyland Consortium: Building a Better World,威兰财团：创造美好世界
Blue Sun: Powering the Future,青日公司：助力未来
Hostile Takeover,恶意收购
Oaktown Renovation,革新奥克敦
Project Atlas,阿特拉斯计划
Contract Killer,职业杀手
Elizabeth Mills,伊丽莎白·米尔斯
Public Support,公众支持
Archer,射手
Caduceus,蛇杖
Hadrian's Wall,哈德良之墙
Hortum,悬苑
Ice Wall,冰墙
Spiderweb,蜘蛛网
Beanstalk Royalties,豆茎授权金
Oversight AI,监督型人工智能
Punitive Counterstrike,强硬反击
Crisium Grid,危海网阵
Paper Trail,文件线索
Priority Requisition,优先征用
PAD Campaign,掌上营销计划
Enigma,谜团
Hunter,狩猎者
Wall of Static,静电墙
Hedge Fund,对冲基金
IPO,首次公开募股
Isolation,隔离
Demolisher,毁坏者
Chisel,凿子
Stargate,星门
Utae,歌唱
Climactic Showdown,巅峰对决
Fencer Fueno,剑术师弗恩诺
The Nihilist,行乐之人
Trickster Taka,诡术师塔卡
Az McCaffrey: Mechanical Prodigy,阿兹·麦卡弗瑞：机械奇才
Always Have a Backup Plan,有备无患
Blueberry!™ Diesel,蓝莓味迪燃
Flip Switch,翻转开关
Lucky Charm,幸运护符
Masterwork (v37),旷世杰作(v37)
Bukhgalter,会计师
"""Baklan"" Bochkin",“鸬鹚”·博奇金
The Class Act,一流选手
Lat: Ethical Freelancer,拉特：正派自由职业者
In the Groove,最佳状态
Khusyuk,庄严肃穆
Spec Work,竞稿
Supercorridor,超级走廊
Gauss,高斯
Pelangi,虹彩
Rezeki,粮食
The Artist,艺术家
Direct Access,单刀直入
Rejig,重整
Whistleblower,告密者
MirrorMorph: Endless Iteration,幻镜所：无尽迭代
Architect Deployment Test,建筑师部署测试
Calvin B4L3Y,卡尔文B4L3Y
Nanoetching Matrix,纳米雕刻矩阵
Hagen,哈根
Fully Operational,满载运行
Red Level Clearance,红色许可
Cold Site Server,备份服务器
Hyoubu Institute: Absolute Clarity,兵部学会：通彻明晰
Project Yagi-Uda,八木宇田计划
Sting!,蜇！
Public Health Portal,公众健康门户
Storgotic Resonator,同族共振
Saisentan,巅峰
Complete Image,侧写完毕
Letheia Nisei,莉希亚·次代
Remastered Edition,复刻版本
Daily Quest,每日任务
Tiered Subscription,分级订阅
Congratulations!,恭喜！
Loot Box,随机卡池
Focus Group,焦点小组
Game Over,游戏结束
Increased Drop Rates,爆率提升
Divested Trust,撤销信托
SDS Drone Deployment,自卫无人机部署
Roughneck Repair Squad,钻工修理方队
Afshar,阿夫沙尔
Sandstone,砂岩
Trebuchet,投石车
Secure and Protect,控制与保护
Reduced Service,受限服务
Vulnerability Audit,疏漏审计
CSR Campaign,企业社责运动
Rime,白霜
Hoshiko Shiro: Untold Protagonist,白 星子：未名主演
Moshing,狂舞
Devil Charm,恶魔护符
Gachapon,扭蛋机
Keiko,惠子
Odore,舞动
Mystic Maemi,秘法师鸣蝉
Paladin Poemu,圣骑士诗梦
Bravado,虚张声势
Boomerang,回力镖
Mu Safecracker,静音金库破译机
Prognostic Q-Loop,预测量子循环芯片
Swift,雨燕
Afterimage,残影
Makler,经纪人
Penumbral Toolkit,半影工具包
The Back,后台
Harmony AR Therapy,和谐医学院AR心理治疗
Aniccam,诸行无常
Simulchip,模拟芯片
Cordyceps,冬虫夏草
Euler,欧拉
Mantle,披风
Penrose,彭罗斯
Self-modifying Code,自修正代码
Cybertrooper Talut,塔卢网络军
Pauleʼs Café,保罗咖啡馆
Buffer Drive,缓存驱动器
Daily Casts,每日播报
DreamNet,梦网
Megaprix Qualifier,极大奖资格赛
Project Vacheron,瓦什隆计划
Bass CH1R180G4,巴斯 7里8加
Cerebral Overwriter,脑部复写器
Vaporframe Fabricator,汽焰编织
Drafter,制图师
Týr,提尔
NEXT Activation Command,次级激活指令
Scapenet,盛景网络
Tranquility Home Grid,宁静家园网阵
Flower Sermon,花道
Prāna Condenser,真气冷凝器
Engram Flush,记忆冲净
Konjin,金神
Hyoubu Precog Manifold,兵部预知流形
Kakurenbo,捉迷藏
La Costa Grid,拉科斯塔网阵
GameNET: Where Dreams are Real,游网：美梦成真
Bellona,贝罗娜
F2P,免付费内容
Gold Farmer,打钱工作室
Digital Rights Management,数据权管理
SYNC Rerouting,信网改道
Ganked!,偷袭！
Earth Station: SEA Headquarters,地球站：空梯管理局总部
Transport Monopoly,运输垄断
Wall to Wall,地毯式投放
Akhet,地平线
Colossus,巨像
Winchester,温彻斯特
Argus Crackdown,阿戈斯镇压
Cayambe Grid,卡扬贝网阵
Cyberdex Sandbox,赛博杀毒剂沙盒
False Lead,误导
NAPD Cordon,新洛杉矶警察局封锁线
Mystic Maemi,秘法师鸣蝉
Swift,雨燕
Cybertrooper Talut,塔卢网络军
Megaprix Qualifier,极大奖资格赛
La Costa Grid,拉科斯塔网阵
Digital Rights Management,数据权管理
Cayambe Grid,卡扬贝网阵
Labor Rights,劳工权益
Crowdfunding,众筹
Embolus,栓塞
Slot Machine,老虎机
Border Control,边境管控
Timely Public Release,适时公布
Medium,培养基
Parasite,寄生虫
e3 Feedback Implants,e3反馈式植入体
Cache,贮藏区
Indexing,索引化
Cerberus "Lady" H1,三头犬“淑女”H1
Lucky Find,幸运发现
Prepaid VoicePAD,预付费通话平板
NEXT Bronze,次级青铜
NEXT Silver,次级白银
Hostile Infrastructure,敌意架构
Turtlebacks,龟甲
Sweeps Week,收视黄金周
SanSan City Grid,圣加州城际网阵
Executive Boot Camp,主管训练营
Scorched Earth,焦土政策
Excalibur,王者之剑
Subliminal Messaging,潜意识信号
René "Loup" Arcemont: Party Animal,勒内·“野狼”·阿斯蒙特：派对野兽
Wildcat Strike,野猫罢工
Carnivore,肉食动物
Botulus,肉毒杆菌
Buzzsaw,电锯
Cleaver,剁肉刀
Fermenter,发酵罐
Leech,水蛭
Cookbook,食谱
Zahya Sadeghi: Versatile Smuggler,扎赫亚·萨迪吉：多才多艺的走私者
Mutual Favor,互惠互利
Tread Lightly,蹑手蹑脚
Docklands Pass,码头区通行证
Pennyshaver,便士刮刀
Carmen,卡门
Marjanah,玛雅娜
Tranquilizer,镇静剂
Red Team,假想敌
Tāo Salonga: Telepresence Magician,涛·萨隆加：网真魔术师
Creative Commission,创作委托
VRcation,虚幻假日
DZMZ Optimizer,DZMZ优化器
Pantograph,缩放仪
Conduit,灵媒
Echelon,梯队
Unity,团结
Telework Contract,远程工作合约
Jailbreak,越狱
Overclock,超频
Sure Gamble,胜券在握
T400 Memory Diamond,T400记忆钻石
Mayfly,蜉蝣
Smartware Distributor,智能装置经销商
Verbal Plasticity,口才再塑
Haas-Bioroid: Precision Design,哈斯生化：精密设计
Luminal Transubstantiation,光脑体变
Nico Campaign,尼可营销计划
Ansel 1.0,安塞尔1.0
Brân 1.0,布兰1.0
Seamless Launch,无瑕发布会
Sprint,疾跑
Manegarm Skunkworks,逐月狼秘密开发部
Jinteki: Restoring Humanity,人间会社：修复人性
Longevity Serum,长生精华液
Urtica Cipher,荨麻暗码
Diviner,卜卦者
Karunā,慈悲
Hansei Review,自我反省
Neurospike,神经突刺
Anoetic Void,无明虚空
NBN: Reality Plus,网际传媒：身临其境
Tomorrowʼs Headline,明日头条
Spin Doctor,舆论操盘手
Funhouse,欢乐屋
Ping,PING
Predictive Planogram,消费预测智慧商城
Public Trail,公开足迹
AMAZE Amusements,惊奇迷乐园
Weyland Consortium: Built to Last,威兰财团：建造不朽
Above the Law,凌驾法律
Clearinghouse,清算所
Ballista,弩炮
Pharos,大灯塔
Government Subsidy,政府补贴
Retribution,打击报复
Malapert Data Vault,马拉柏特数据密库
Offworld Office,地外办公室
Orbital Superiority,轨道压制
Send a Message,以儆效尤
Superconducting Hub,超导枢纽
Regolith Mining License,表岩屑开采许可
Palisade,围栏
Tithe,什一税
Whitespace,空白
Hedge Fund,对冲基金
The Catalyst: Convention Breaker,触媒：特立独行
The Syndicate: Profit over Principle,商盟：利益高于原则
Quetzal: Free Spirit,绿咬鹃：不羁灵魂
Reina Roja: Freedom Fighter,雷娜·罗娅：自由战士
En Passant,吃过路兵
Retrieval Run,检索式潜袭
Clot,血块
Corroder,腐蚀者
Imp,小恶魔
Mimic,变脸者
Ice Carver,凿墙者
Liberated Account,盗用账户
Scrubber,清洗者
Xanadu,上都
Ken "Express" Tenma: Disappeared Clone,肯·“快车”·天马：失踪的克隆体
Steve Cambridge: Master Grifter,史蒂夫·坎布里奇：骗术大师
Career Fair,招聘会
Emergency Shutdown,紧急关机
Forged Activation Orders,伪造激活指令
Inside Job,内线操作
Legwork,外勤
Networking,社交
Abagnale,阿巴内尔
Femme Fatale,蛇蝎美人
Sneakdoor Beta,测试暗门
Security Testing,安全测试
Ayla "Bios" Rahim: Simulant Specialist,艾拉·“生命”·拉辛：拟态专家
Rielle "Kit" Peddler: Transhuman,芮尔·“姬特”·佩德拉：超凡入圣
Diesel,迪燃
Test Run,测试运行
The Maker's Eye,造物者之眼
Atman,梵灵
Chameleon,变色龙
Egret,白鹭
Gordian Blade,戈尔迪之刃
Paricia,帕瑞西亚
Aesop's Pawnshop,伊索的典当铺
Professional Contacts,专家联系人
Dirty Laundry,肮脏内幕
Prepaid VoicePAD,预付费通话平板
Earthrise Hotel,地出酒店
Haas-Bioroid: Architects of Tomorrow,哈斯生化：未来的设计师
Project Vitruvius,维特鲁威计划
Marilyn Campaign,玛丽莲营销计划
Eli 1.0,伊莱1.0
Magnet,磁铁
Ravana 1.0,罗波那1.0
Rototurret,旋转炮塔
Archived Memories,归档的记忆
Biotic Labor,生化人劳工
Corporate Troubleshooter,团队清道夫
Jinteki: Personal Evolution,人间会社：自我进化
House of Knives,利刃屋
Nisei MK II,次代II型
Ronin,浪人
Snare!,圈套！
Lotus Field,莲花田
Swordsman,剑客
Celebrity Gift,名流的馈赠
Trick of Light,光影诡计
Hokusai Grid,北斋网阵
Near-Earth Hub: Broadcast Center,近地枢纽：广播中心
License Acquisition,获取许可
Project Beale,比勒计划
Daily Business Show,每日商业秀
Reversed Accounts,撤销账户
Pop-up Window,弹出窗口
Tollbooth,收费站
Wraparound,环绕筒
Psychographics,心理统计分析
SanSan City Grid,圣加州城际网阵
Weyland Consortium: Building a Better World,威兰财团：创造美好世界
Hostile Takeover,恶意收购
Oaktown Renovation,革新奥克敦
Project Atlas,阿特拉斯计划
Corporate Town,公司城
Archer,射手
Hortum,悬苑
Ice Wall,冰墙
Punitive Counterstrike,强硬反击
Crisium Grid,危海网阵
PAD Campaign,掌上营销计划
Enigma,谜团
Subliminal Messaging,潜意识信号
Light the Fire!,点燃星火！
Revolver,左轮手枪
Deep Dive,深潜
Hákarl 1.0,生化鲨1.0
Anemone,海葵
Vladisibirsk City Grid,符拉迪西比尔斯克城际网阵
Azef Protocol,阿泽夫协议
Esâ Afontov: Eco-Insurrectionist,艾萨·阿方托夫：生态起义者
Chastushka,恰斯图什卡
Running Hot,过热运行
Steelskin Scarring,钢肤疤痕
Ghosttongue,幽灵之舌
Marrow,骨髓
Begemot,别格莫特
Avgustina Ivanovskaya,奥古斯蒂娜·伊万诺夫斯卡娅
Light the Fire!,点燃星火！
The Twinning,孪晶
Nyusha "Sable" Sintashta: Symphonic Prodigy,纽纱·“黑貂”·辛塔什塔：交响奇才
Carpe Diem,时不再来
Pinhole Threading,穿针引线
PAN-Weave,个域网编织
Virtuoso,演奏大师
Cat's Cradle,翻花绳
Cezve,土耳其咖啡壶
Revolver,左轮手枪
Backstitching,回针绣
No Free Lunch,没有免费午餐定理
Captain Padma Isbister: Intrepid Explorer,帕德玛·伊斯比斯特船长：无畏探索者
Deep Dive,深潜
Into the Depths,深海探险
Rigging Up,设备装配
Endurance,坚忍号
Hyperbaric,高压舱
Propeller,螺旋桨
"Daeg, First Net-Cat",网域猫首领戴格
Environmental Testing,环境测试
Stoneship Chart Room,石船海图室
Élivágar Bifurcation,埃利伐加尔分岔
Midnight-3 Arcology,午夜-3型生态屋
Refuge Campaign,庇护所营销计划
Trieste Model Bioroids,的里雅斯特型生化人
Echo,回声
Hákarl 1.0,生化鲨1.0
Wave,波动
Big Deal,大手笔
Blood in the Water,血诱
Regenesis,二度起源
Bladderwort,狸藻
Moon Pool,月池
Anemone,海葵
Bathynomus,大王具足虫
Ivik,盲鳗
Mitosis,有丝分裂
Mavirus,噬病毒体
Pravdivost Consulting: Political Solutions,真理咨询：政治解决方案
Artificial Cryptocrash,币圈洗盘
Chekist Scion,契卡子弟
Drago Ivanov,德拉戈·伊万诺夫
Ubiquitous Vig,无处不在的抽头
Mestnichestvo,门第选官制
Vasilisa,瓦西丽莎
Backroom Machinations,密室阴谋
Vladisibirsk City Grid,符拉迪西比尔斯克城际网阵
Ob Superheavy Logistics: Extract. Export. Excel.,鄂毕超重型物流：采出 运出 杰出
Azef Protocol,阿泽夫协议
Svyatogor Excavator,斯维亚托戈尔号挖掘机
Envelopment,包围
Maskirovka,伪装
Stavka,最高统帅部
Extract,开采
Mutually Assured Destruction,共同毁灭原则
Trust Operation,托拉斯行动
Finality,终局
Katorga Breakout,卡托加脱逃
Raindrops Cut Stone,滴水穿石
Time Bomb,定时炸弹
Abaasy,阿巴契
Hush,消音
Nga,地神恩嘎
Num,天神努姆
Tsakhia "Bankhar" Gantulga,查希亚·“蒙獒”·钢图拉嘎
Concerto,协奏曲
Reprise,再现部
Poison Vial,毒药瓶
WAKE Implant v2A-JRJ,尾迹植入体v2A-JRJ
Zenit Chip JZ-2MJ,天顶芯片JZ-2MJ
Tremolo,震音
Tunnel Vision,隧道视觉
Asmund Pudlat,阿斯蒙德·普德拉特
Info Bounty,信息赏金
Spark of Inspiration,灵感的火花
Hippocampic Mechanocytes,海马体机械细胞
Basilar Synthgland 2KVJ,基底动脉合成腺体2KVJ
Flux Capacitor,通量电容器
Nanuq,北极熊
Orca,逆戟鲸
K2CP Turbine,K2CP涡轮机
World Tree,世界树
Dr. Nuka Vrolyck,努卡·弗罗丽克博士
Nova Initiumia: Catalyst & Impetus,复始：触媒 & 促力
Matryoshka,套娃
Thule Subsea: Safety Below,图勒海底城：水下安全区
Ontological Dependence,本体依赖性
Nightmare Archive,噩梦档案室
Bloop,海洋怪声
Pulse,脉动
Distributed Tracing,分布式追踪
Hypoxia,缺氧
Djupstad Grid,久普斯塔德网阵
Mr. Hendrik,亨德里克先生
Issuaq Adaptics: Sustaining Diversity,伊雪克适应体：维持多样性
Hybrid Release,杂交人投放
Dr. Vientiane Keeling,万象·基林博士
Reaper Function,死神函数
Hafrún,明蛤
Vampyronassa,陷阱幽灵蛸
Simulation Reset,重启模拟器
Nanisivik Grid,纳尼西维克网阵
Freedom of Information,信息自由
Post-Truth Dividend,后真相分红
Gaslight,煤气灯下
Vera Ivanovna Shuyskaya,维拉·伊万诺芙娜·舒伊斯卡娅
Klevetnik,诽谤者
Unsmiling Tsarevna,不会笑的查瑞芙娜
Nonequivalent Exchange,非等价交换
Shipment from Vladisibirsk,符拉迪西比尔斯克的货物
Regulatory Capture,监管俘获
Kimberlite Field,金伯利岩矿场
Hostile Architecture,不友好建筑
Superdeep Borehole,超深钻井
Anvil,铁砧
End of the Line,穷途末路
Yakov Erikovich Avdakov,雅科夫·埃里科维奇·阿夫达科夫
ZATO City Grid,保密行政区网阵
Ampère: Cybernetics For Anyone,安培：全民的义体
Strike Fund,罢工基金
The Price,代价
Solidarity Badge,团结徽章
Audrey v2,“吸血花”奥黛丽v2
Banner,旗帜
Monkeywrench,活动扳手
Eru Ayase-Pessoa,爱瑠·绫濑·佩索阿
Hannah "Wheels" Pilintra,汉娜·“驭手”·皮林特拉
Lago Paranoá Shelter,帕拉诺阿湖动物收容所
Mercury: Chrome Libertador,墨丘利：铬金解放者
Chrysopoeian Skimming,碎屑炼金
S-Dobrado,S型猴翻
Capybara,水豚
Hermes,赫耳墨斯
Curupira,库鲁皮拉
Laser Pointer,激光笔
Saci,纵纹鹃
Shibboleth,示播列
Debbie "Downtown" Moreira,黛比·“闹市”·莫雷拉
Arissana Rocha Nahu: Street Artist,阿里萨娜·罗查·纳胡：街头艺术家
Joy Ride,兜风
AirbladeX (JSRF Ed.),天空之刃X（街头涂鸦未来版）
LilyPAD,莲叶平板
Living Mural,活壁画
Pichação,极限涂鸦
Slap Vandal,贴纸拍击者
Umbrella,伞
Beatriz Friere Gonzalez,碧翠丝·弗里尔·冈萨雷斯
Urban Art Vernissage,城市艺术预展日
Bahia Bands,巴伊亚手环
Salvo Testing,火力网试验
Stegodon MK IV,剑齿象IV型
Wage Workers,受雇工人
Ablative Barrier,烧蚀屏障
Jaguarundi,细腰猫
M.I.C.,军工复合体
Greasing the Palm,隐蔽行贿
Vovô Ozetti,奥泽提爷爷
A Teia: IP Recovery,密网：知识产权回收
Fujii Asset Retrieval,藤井资产回收
Front Company,门面公司
Attini,切叶蚁
Phoneutria,游走蛛
Tatu-Bola,三带犰狳
Mindscaping,心灵重塑
Adrian Seis,阿德里安·赛斯
Daniela Jorge Inácio,丹妮艾拉·乔希·伊纳西奥
Epiphany Analytica: Nations Undivided,超觉分析：消除国界
Oracle Thinktank,神谕智库
Balanced Coverage,均衡播报
Behold!,看啊!
Federal Fundraising,联邦筹资宴
Starlit Knight,星夜骑士
Virtual Service Agent,虚拟服务代理
Oppo Research,竞对调研
Your Digital Life,你的数字生活
Slash and Burn Agriculture,刀耕火种
Cybersand Harvester,赛博砂采集者
Tree Line,林木线
Valentão,霸凌者
Armed Asset Protection,武装资产保护
Pivot,转变策略
Angelique Garza Correa,安吉丽克·加尔萨·科雷亚
Tucana,巨嘴鸟
B-1001,B-1001
Sebastião Souza Pessoa: Activist Organizer,塞巴斯蒂昂·索萨·佩索阿：激进分子组织者
Eye for an Eye,以眼还眼
Privileged Access,特权访问
Amanuensis,誊写员
The Wizard's Chest,巫师宝匣
Boi-tatá,波伊塔塔
Heliamphora,太阳瓶子草
Arruaceiras Crew,暴力团伙
Friend of a Friend,朋友的朋友
Manuel Lattes de Moura,曼纽尔·拿铁·德莫拉
Meeting of Minds,共识
Window of Opportunity,投机窗口
Alarm Clock,闹钟
Jeitinho,铤而走险
Cupellation,灰吹精炼
Malandragem,街头智慧
Physarum Entangler,纠缠绒泡菌
Amelia Earhart,爱蜜莉亚·埃尔哈特
Juli Moreira Lee,朱莉·莫雷拉·李
Burner,大涂鸦
Spree,狂欢
Trick Shot,特技球
Cataloguer,编目器
Coalescence,凝露
Lobisomem,狼人
Muse,缪斯
Pressure Spike,压力峰值
"""Pretty"" Mary da Silva",“小美”·玛丽·达席尔瓦
Ashen Epilogue,灰白终章
Valentina Ferreira Carvalho,瓦伦蒂娜·费雷拉·卡瓦略
Thunderbolt Armaments: Peace Through Power,雷霆军工厂：以武止戈
Lightning Laboratory,闪电实验室
Warm Reception,热情接待
Working Prototype,原型机
Lycian Multi-Munition,利西亚复合军火
Sorocaban Blade,索罗卡巴利刃
Active Policing,实时监管
Corporate Hospitality,商务接待
Brasília Government Grid,巴西利亚政府网阵
See How They Run,观其逃路
Sisyphus Protocol,西西弗斯协议
Charlotte Caçador,夏洛特·卡萨多尔
Cohort Guidance Program,追随者指导项目
Boto,亚马逊河豚
Cloud Eater,食云者
Tributary,支流
Bring Them Home,带他们回家
Kingmaking,造王
Stoke the Embers,点燃余烬
Janaína "JK" Dumont Kindelán,贾娜伊娜·“JK”·杜蒙·金德兰
Capacitor,电容器
Piranhas,水虎鱼
Seraph,炽天使
Sudden Commandment,突发指令
The Holo Man,全息人
Nuvem SA: Law of the Land,纽文股份有限公司：土地之法
Eminent Domain,土地征用权
The Basalt Spire,玄武岩尖塔
Hearts and Minds,笼络民心
Descent,下降
Hammer,铁锤
Logjam,阻塞
Business As Usual,一切照旧
Isaac Liberdade,伊萨克·利贝尔达德
The Powers That Be,当权者
Ryō "Phoenix" Ōno: Out of the Ashes,大野·“凤凰”·燎：烬中再起
Topan: Ormas Leader,托潘：民间组织领袖
Charm Offensive,魅力攻势
Scrounge,搜集
Shred,速弹
Bling,炫灵
Gourmand,贪食者
Hantu,魑魅魍魉
Rising Tide,暗潮汹涌
Cacophony,喧嚣
Rent Rioters,抗租暴动者
Barry "Baz" Wong: Tri-Maf Veteran,巴里·“巴兹”·王：三和党老江湖
MuslihaT: Multifarious Marketeer,穆斯莉哈特：多面营销专家
Clean Getaway,利落脱身
Lie Low,避风头
Maintenance Access,检修通道
Transfer of Wealth,财富转移
Detente,共济
Maglectric Rapid (748 Mod),磁电迅雷（748式改）
Sang Kancil,百灵鹿
Fransofia Ward,芙兰索菲娅·沃德
Open Market,自由市场
Dewi Subrotoputri: Pedagogical Dhalang,德薇·苏布罗托普特里：教学引戏人
Magdalene Keino-Chemutai: Cryptarchitect,玛格达琳·凯诺-切穆泰：幕后建筑师
Illumination,映照
Ritual,仪式
GAMEDRAGON™ Pro,游龙™ Pro
Madani,承创
Azimat,阿齐玛灵符
Chromatophores,色素细胞
Devadatta Drone,提婆达多雄蜂
Principia,原理
"""Knickknack"" O'Brian",“珍奇阁主”奥布莱恩
Side Hustle,外快
LEO Construction: Labor Solutions,利奥建工：劳工解决方案
Poétrï Luxury Brands: All the Rage,珀依诗奢品：风靡万世
Aggressive Trendsetting,锐创潮流
Project Ingatan,忆存计划
Humanoid Resources,仿生人力资源
Otto Campaign,空蛸营销计划
Bumi 1.0,布米1.0
Scatter Field,散射场
Nanomanagement,纳米级管控
Top-Down Solutions,自顶向下法
Mercia B4LL4RD,梅西娅 B4LL4RD
AU Co.: The Gold Standard in Clones,傲金公司：克隆体的黄金标准
PT Untaian: Life's Building Blocks,丝链有限公司：生命基石
Proprionegation,本体否定
Sericulture Expansion,蚕业扩张
Byte!,0交1
Phật Gioan Baotixita,释·觉安·保谛西塔
Empiricist,经验主义者
Mycoweb,菌丝网
Semak-samun,灌木丛
Peer Review,同行评议
Mitra Aman,友安
Nebula Talent Management: Making Stars,星云人才：制造明星
Synapse Global: Faster than Thought,突触环球：先你所想
Embedded Reporting,卧底报道
Next Big Thing,下一波热潮
Idiosyncresis,特质融合
Public Access Plaza,公共接入广场
Doomscroll,末日刷屏
N-Pot,N-电位器
Bigger Picture,广阔视野
IP Enforcement,知识产权执法
Touch-ups,润色
BANGUN: When Disaster Strikes,邦贡工团：灾害突临之时
The Zwicky Group: Invisible Hands,茨维基集团：无形之手
Greenmail,绿票讹诈
Off the Books,账外业务
Anthill Excavation Contract,蚁丘挖掘合约
Plutus,普路托斯
Biawak,巨蜥
Kessleroid,凯斯勒体
Syailendra,夏连特拉
Key Performance Indicators,关键绩效指标
Measured Response,精准响应
Flyswatter,苍蝇拍
Lamplighter,点灯者
Petty Cash,零用现金
Mahkota Langit Grid,天冕网阵
